date;lat;lon;alt;speed
2025-10-14 11:49:33;;;;
2025-10-14 11:50:18;6,3 S;23,3 W;419 km;27579 km/h
2025-10-14 11:51:03;4,0 S;21,7 W;418 km;27580 km/h
2025-10-14 11:51:48;1,7 S;20,1 W;418 km;27581 km/h
2025-10-14 11:52:33;0,5 N;18,5 W;418 km;27583 km/h
2025-10-14 11:53:18;2,8 N;16,8 W;417 km;27584 km/h
2025-10-14 11:54:03;5,1 N;15,2 W;417 km;27585 km/h
2025-10-14 11:54:49;7,3 N;13,6 W;417 km;27585 km/h
2025-10-14 11:55:34;9,6 N;11,9 W;417 km;27586 km/h
2025-10-14 11:56:19;11,9 N;10,2 W;417 km;27587 km/h
2025-10-14 11:57:04;14,2 N;8,5 W;417 km;27587 km/h
2025-10-14 11:57:49;16,4 N;6,8 W;417 km;27588 km/h
2025-10-14 11:58:34;18,6 N;5,0 W;417 km;27588 km/h
2025-10-14 11:59:19;20,8 N;3,1 W;418 km;27589 km/h
2025-10-14 12:00:04;23,0 N;1,2 W;418 km;27589 km/h
2025-10-14 12:00:49;25,1 N;0,7 E;418 km;27589 km/h
2025-10-14 12:01:34;27,3 N;2,7 E;418 km;27589 km/h
2025-10-14 12:02:20;29,3 N;4,9 E;419 km;27590 km/h
2025-10-14 12:03:05;31,4 N;7,1 E;419 km;27590 km/h
2025-10-14 12:03:50;33,3 N;9,4 E;419 km;27590 km/h
2025-10-14 12:04:35;35,3 N;11,9 E;420 km;27590 km/h
2025-10-14 12:05:20;37,1 N;14,5 E;420 km;27589 km/h
2025-10-14 12:06:05;38,9 N;17,2 E;421 km;27589 km/h
2025-10-14 12:06:50;40,7 N;20,1 E;421 km;27589 km/h
2025-10-14 12:07:35;42,3 N;23,1 E;421 km;27589 km/h
2025-10-14 12:08:20;43,9 N;26,3 E;422 km;27589 km/h
2025-10-14 12:09:06;45,3 N;29,7 E;422 km;27589 km/h
2025-10-14 12:09:51;46,6 N;33,2 E;422 km;27589 km/h
2025-10-14 12:10:36;47,8 N;36,9 E;423 km;27588 km/h
2025-10-14 12:11:21;48,9 N;40,8 E;423 km;27588 km/h
2025-10-14 12:12:06;49,8 N;44,9 E;423 km;27588 km/h
2025-10-14 12:12:51;50,5 N;49,1 E;423 km;27588 km/h
2025-10-14 12:13:36;51,1 N;53,4 E;423 km;27588 km/h
2025-10-14 12:14:21;51,5 N;57,8 E;423 km;27588 km/h
2025-10-14 12:15:07;51,7 N;62,3 E;424 km;27588 km/h
2025-10-14 12:15:52;51,7 N;66,8 E;424 km;27588 km/h
2025-10-14 12:16:37;51,6 N;71,3 E;423 km;27588 km/h
2025-10-14 12:17:22;51,2 N;75,7 E;423 km;27588 km/h
2025-10-14 12:18:07;50,7 N;80,1 E;423 km;27588 km/h
2025-10-14 12:18:52;50,0 N;84,3 E;423 km;27588 km/h
2025-10-14 12:19:37;49,1 N;88,4 E;423 km;27588 km/h
2025-10-14 12:20:22;48,1 N;92,4 E;423 km;27589 km/h
2025-10-14 12:21:07;47,0 N;96,1 E;422 km;27589 km/h
2025-10-14 12:21:52;45,7 N;99,7 E;422 km;27589 km/h
2025-10-14 12:22:38;44,3 N;103,1 E;422 km;27589 km/h
2025-10-14 12:23:23;42,8 N;106,4 E;421 km;27589 km/h
2025-10-14 12:24:08;41,1 N;109,5 E;421 km;27589 km/h
2025-10-14 12:24:53;39,4 N;112,4 E;421 km;27590 km/h
2025-10-14 12:25:38;37,7 N;115,1 E;420 km;27590 km/h
2025-10-14 12:26:23;35,8 N;117,8 E;420 km;27590 km/h
2025-10-14 12:27:08;33,9 N;120,2 E;420 km;27590 km/h
2025-10-14 12:27:53;31,9 N;122,6 E;419 km;27590 km/h
2025-10-14 12:28:38;29,9 N;124,9 E;419 km;27590 km/h
2025-10-14 12:29:23;27,8 N;127,1 E;418 km;27590 km/h
2025-10-14 12:30:09;25,7 N;129,1 E;418 km;27590 km/h
2025-10-14 12:30:54;23,6 N;131,1 E;418 km;27590 km/h
2025-10-14 12:31:39;21,4 N;133,1 E;418 km;27589 km/h
2025-10-14 12:32:24;19,2 N;134,9 E;417 km;27589 km/h
2025-10-14 12:33:09;17,0 N;136,7 E;417 km;27589 km/h
2025-10-14 12:33:54;14,8 N;138,5 E;417 km;27588 km/h
2025-10-14 12:34:39;12,5 N;140,2 E;417 km;27587 km/h
2025-10-14 12:35:24;10,3 N;141,9 E;417 km;27587 km/h
2025-10-14 12:36:09;8,0 N;143,6 E;417 km;27586 km/h
2025-10-14 12:36:55;5,7 N;145,2 E;417 km;27585 km/h
2025-10-14 12:37:40;3,4 N;146,9 E;417 km;27584 km/h
2025-10-14 12:38:25;1,1 N;148,5 E;418 km;27583 km/h
2025-10-14 12:39:10;1,1 S;150,1 E;418 km;27582 km/h
2025-10-14 12:39:55;3,4 S;151,7 E;418 km;27581 km/h
2025-10-14 12:40:40;5,7 S;153,4 E;419 km;27580 km/h
2025-10-14 12:41:25;8,0 S;155,0 E;419 km;27578 km/h
2025-10-14 12:42:10;10,3 S;156,7 E;419 km;27577 km/h
2025-10-14 12:42:55;12,5 S;158,4 E;420 km;27575 km/h
2025-10-14 12:43:40;14,8 S;160,1 E;421 km;27574 km/h
2025-10-14 12:44:25;17,0 S;161,9 E;421 km;27572 km/h
2025-10-14 12:45:11;19,2 S;163,7 E;422 km;27571 km/h
2025-10-14 12:45:56;21,4 S;165,5 E;423 km;27569 km/h
2025-10-14 12:46:41;23,6 S;167,5 E;423 km;27567 km/h
2025-10-14 12:47:26;25,7 S;169,5 E;424 km;27566 km/h
2025-10-14 12:48:11;27,8 S;171,5 E;425 km;27564 km/h
2025-10-14 12:48:56;29,9 S;173,7 E;426 km;27562 km/h
2025-10-14 12:49:41;31,9 S;176,0 E;426 km;27561 km/h
2025-10-14 12:50:26;33,9 S;178,3 E;427 km;27559 km/h
2025-10-14 12:51:11;35,8 S;179,1 W;428 km;27558 km/h
2025-10-14 12:51:56;37,6 S;176,5 W;429 km;27556 km/h
2025-10-14 12:52:41;39,4 S;173,7 W;429 km;27555 km/h
2025-10-14 12:53:27;41,1 S;170,8 W;430 km;27553 km/h
2025-10-14 12:54:12;42,7 S;167,8 W;431 km;27552 km/h
2025-10-14 12:54:57;44,2 S;164,5 W;431 km;27551 km/h
2025-10-14 12:55:42;45,6 S;161,1 W;432 km;27550 km/h
2025-10-14 12:56:27;46,9 S;157,5 W;432 km;27548 km/h
2025-10-14 12:57:12;48,1 S;153,8 W;433 km;27548 km/h
2025-10-14 12:57:57;49,1 S;149,9 W;433 km;27547 km/h
2025-10-14 12:58:42;50,0 S;145,8 W;434 km;27546 km/h
2025-10-14 12:59:27;50,7 S;141,6 W;434 km;27546 km/h
2025-10-14 13:00:12;51,2 S;137,2 W;434 km;27545 km/h
2025-10-14 13:00:57;51,6 S;132,8 W;434 km;27545 km/h
2025-10-14 13:01:42;51,7 S;128,3 W;434 km;27545 km/h
2025-10-14 13:02:28;51,7 S;123,8 W;434 km;27545 km/h
2025-10-14 13:03:13;51,5 S;119,4 W;434 km;27545 km/h
2025-10-14 13:03:58;51,1 S;115,0 W;434 km;27545 km/h
2025-10-14 13:04:43;50,6 S;110,6 W;434 km;27546 km/h
2025-10-14 13:05:28;49,8 S;106,4 W;433 km;27546 km/h
2025-10-14 13:06:13;48,9 S;102,4 W;433 km;27547 km/h
2025-10-14 13:06:58;47,9 S;98,5 W;433 km;27548 km/h
2025-10-14 13:07:43;46,7 S;94,8 W;432 km;27549 km/h
2025-10-14 13:08:28;45,4 S;91,2 W;432 km;27550 km/h
2025-10-14 13:09:13;44,0 S;87,9 W;431 km;27551 km/h
2025-10-14 13:09:58;42,4 S;84,7 W;431 km;27552 km/h
2025-10-14 13:10:43;40,8 S;81,6 W;430 km;27553 km/h
2025-10-14 13:11:29;39,1 S;78,8 W;429 km;27555 km/h
2025-10-14 13:12:14;37,3 S;76,0 W;428 km;27556 km/h
2025-10-14 13:12:59;35,4 S;73,4 W;428 km;27558 km/h
2025-10-14 13:13:44;33,5 S;71,0 W;427 km;27559 km/h
2025-10-14 13:14:29;31,5 S;68,6 W;426 km;27561 km/h
2025-10-14 13:15:14;29,5 S;66,4 W;425 km;27562 km/h
2025-10-14 13:15:59;27,5 S;64,2 W;425 km;27564 km/h
2025-10-14 13:16:44;25,3 S;62,2 W;424 km;27566 km/h
2025-10-14 13:17:29;23,2 S;60,2 W;423 km;27567 km/h
2025-10-14 13:18:14;21,0 S;58,3 W;422 km;27569 km/h
2025-10-14 13:19:00;18,8 S;56,4 W;422 km;27571 km/h
2025-10-14 13:19:45;16,6 S;54,6 W;421 km;27572 km/h
2025-10-14 13:20:30;14,4 S;52,9 W;421 km;27574 km/h
2025-10-14 13:21:15;12,1 S;51,2 W;420 km;27575 km/h
2025-10-14 13:22:00;9,8 S;49,5 W;419 km;27577 km/h
2025-10-14 13:22:45;7,6 S;47,8 W;419 km;27578 km/h
2025-10-14 13:23:30;5,3 S;46,2 W;419 km;27580 km/h
2025-10-14 13:24:15;3,0 S;44,5 W;418 km;27581 km/h
2025-10-14 13:25:00;0,7 S;42,9 W;418 km;27582 km/h
2025-10-14 13:25:45;1,5 N;41,3 W;418 km;27583 km/h
2025-10-14 13:26:30;3,8 N;39,7 W;417 km;27584 km/h
2025-10-14 13:27:16;6,1 N;38,1 W;417 km;27585 km/h
2025-10-14 13:28:01;8,4 N;36,4 W;417 km;27586 km/h
2025-10-14 13:28:46;10,7 N;34,7 W;417 km;27587 km/h
2025-10-14 13:29:31;12,9 N;33,0 W;417 km;27587 km/h
2025-10-14 13:30:16;15,2 N;31,3 W;417 km;27588 km/h
2025-10-14 13:31:01;17,4 N;29,5 W;417 km;27588 km/h
2025-10-14 13:31:46;19,6 N;27,7 W;418 km;27589 km/h
2025-10-14 13:32:31;21,8 N;25,8 W;418 km;27589 km/h
2025-10-14 13:33:16;24,0 N;23,9 W;418 km;27589 km/h
2025-10-14 13:34:01;26,1 N;21,9 W;418 km;27589 km/h
2025-10-14 13:34:47;28,2 N;19,8 W;419 km;27590 km/h
2025-10-14 13:35:32;30,3 N;17,6 W;419 km;27590 km/h
2025-10-14 13:36:17;32,3 N;15,3 W;419 km;27590 km/h
2025-10-14 13:37:02;34,2 N;12,9 W;420 km;27590 km/h
2025-10-14 13:37:47;36,2 N;10,4 W;420 km;27590 km/h
2025-10-14 13:38:32;38,0 N;7,8 W;420 km;27589 km/h
2025-10-14 13:39:17;39,8 N;5,0 W;421 km;27589 km/h
2025-10-14 13:40:02;41,4 N;2,0 W;421 km;27589 km/h
2025-10-14 13:40:47;43,0 N;1,0 E;422 km;27589 km/h
2025-10-14 13:41:32;44,5 N;4,2 E;422 km;27589 km/h
2025-10-14 13:42:17;45,9 N;7,7 E;422 km;27589 km/h
2025-10-14 13:43:02;47,2 N;11,3 E;422 km;27589 km/h
2025-10-14 13:43:48;48,3 N;15,1 E;423 km;27588 km/h
2025-10-14 13:44:33;49,3 N;19,1 E;423 km;27588 km/h
2025-10-14 13:45:18;50,1 N;23,2 E;423 km;27588 km/h
2025-10-14 13:46:03;50,8 N;27,5 E;423 km;27588 km/h
2025-10-14 13:46:48;51,3 N;31,8 E;423 km;27588 km/h
2025-10-14 13:47:33;51,6 N;36,3 E;424 km;27588 km/h
2025-10-14 13:48:18;51,7 N;40,8 E;424 km;27588 km/h
2025-10-14 13:49:03;51,7 N;45,3 E;424 km;27588 km/h
2025-10-14 13:49:48;51,4 N;49,8 E;423 km;27588 km/h
2025-10-14 13:50:33;51,0 N;54,2 E;423 km;27588 km/h
2025-10-14 13:51:18;50,4 N;58,5 E;423 km;27588 km/h
2025-10-14 13:52:04;49,6 N;62,7 E;423 km;27588 km/h
2025-10-14 13:52:49;48,7 N;66,7 E;423 km;27588 km/h
2025-10-14 13:53:34;47,6 N;70,5 E;423 km;27589 km/h
2025-10-14 13:54:19;46,4 N;74,2 E;422 km;27589 km/h
2025-10-14 13:55:04;45,0 N;77,7 E;422 km;27589 km/h
2025-10-14 13:55:49;43,6 N;81,1 E;422 km;27589 km/h
2025-10-14 13:56:34;42,0 N;84,2 E;421 km;27589 km/h
2025-10-14 13:57:19;40,4 N;87,2 E;421 km;27589 km/h
2025-10-14 13:58:04;38,6 N;90,1 E;420 km;27590 km/h
2025-10-14 13:58:49;36,8 N;92,8 E;420 km;27590 km/h
2025-10-14 13:59:34;34,9 N;95,3 E;420 km;27590 km/h
2025-10-14 14:00:20;33,0 N;97,8 E;419 km;27590 km/h
2025-10-14 14:01:05;31,0 N;100,1 E;419 km;27590 km/h
2025-10-14 14:01:50;29,0 N;102,3 E;419 km;27590 km/h
2025-10-14 14:02:35;26,9 N;104,4 E;418 km;27590 km/h
2025-10-14 14:03:20;24,7 N;106,5 E;418 km;27590 km/h
2025-10-14 14:04:05;22,6 N;108,4 E;418 km;27589 km/h
2025-10-14 14:04:50;20,4 N;110,3 E;417 km;27589 km/h
2025-10-14 14:05:35;18,2 N;112,2 E;417 km;27589 km/h
2025-10-14 14:06:20;16,0 N;114,0 E;417 km;27588 km/h
2025-10-14 14:07:05;13,7 N;115,7 E;417 km;27588 km/h
2025-10-14 14:07:50;11,5 N;117,4 E;417 km;27587 km/h
2025-10-14 14:08:36;9,2 N;119,1 E;417 km;27586 km/h
2025-10-14 14:09:21;6,9 N;120,8 E;417 km;27586 km/h
2025-10-14 14:10:06;4,6 N;122,4 E;417 km;27585 km/h
2025-10-14 14:10:51;2,3 N;124,0 E;417 km;27584 km/h
2025-10-14 14:11:36;0,0 N;125,7 E;418 km;27583 km/h
2025-10-14 14:12:21;2,2 S;127,3 E;418 km;27582 km/h
2025-10-14 14:13:06;4,5 S;128,9 E;418 km;27580 km/h
2025-10-14 14:13:51;6,8 S;130,5 E;419 km;27579 km/h
2025-10-14 14:14:36;9,1 S;132,2 E;419 km;27578 km/h
2025-10-14 14:15:21;11,3 S;133,9 E;420 km;27576 km/h
2025-10-14 14:16:06;13,6 S;135,6 E;420 km;27575 km/h
2025-10-14 14:16:52;15,8 S;137,3 E;421 km;27573 km/h
2025-10-14 14:17:37;18,1 S;139,1 E;421 km;27572 km/h
2025-10-14 14:18:22;20,3 S;140,9 E;422 km;27570 km/h
2025-10-14 14:19:07;22,4 S;142,8 E;423 km;27568 km/h
2025-10-14 14:19:52;24,6 S;144,8 E;424 km;27567 km/h
2025-10-14 14:20:37;26,7 S;146,8 E;424 km;27565 km/h
2025-10-14 14:21:22;28,8 S;148,9 E;425 km;27563 km/h
2025-10-14 14:22:07;30,8 S;151,1 E;426 km;27562 km/h
2025-10-14 14:22:52;32,8 S;153,5 E;427 km;27560 km/h
2025-10-14 14:23:37;34,8 S;155,9 E;427 km;27558 km/h
2025-10-14 14:24:22;36,7 S;158,4 E;428 km;27557 km/h
2025-10-14 14:25:08;38,5 S;161,1 E;429 km;27555 km/h
2025-10-14 14:25:53;40,2 S;163,9 E;430 km;27554 km/h
2025-10-14 14:26:38;41,9 S;166,9 E;430 km;27553 km/h
2025-10-14 14:27:23;43,4 S;170,0 E;431 km;27551 km/h
2025-10-14 14:28:08;44,9 S;173,3 E;431 km;27550 km/h
2025-10-14 14:28:53;46,3 S;176,8 E;432 km;27549 km/h
2025-10-14 14:29:38;47,5 S;179,4 W;433 km;27548 km/h
2025-10-14 14:30:23;48,6 S;175,6 W;433 km;27547 km/h
2025-10-14 14:31:08;49,5 S;171,6 W;433 km;27546 km/h
2025-10-14 14:31:53;50,3 S;167,5 W;434 km;27546 km/h
2025-10-14 14:32:38;50,9 S;163,2 W;434 km;27545 km/h
2025-10-14 14:33:24;51,4 S;158,8 W;434 km;27545 km/h
2025-10-14 14:34:09;51,7 S;154,4 W;434 km;27545 km/h
2025-10-14 14:34:54;51,7 S;149,9 W;434 km;27545 km/h
2025-10-14 14:35:39;51,6 S;145,4 W;434 km;27545 km/h
2025-10-14 14:36:24;51,3 S;140,9 W;434 km;27545 km/h
2025-10-14 14:37:09;50,9 S;136,6 W;434 km;27545 km/h
2025-10-14 14:37:54;50,2 S;132,3 W;434 km;27546 km/h
2025-10-14 14:38:39;49,4 S;128,2 W;433 km;27546 km/h
2025-10-14 14:39:24;48,5 S;124,2 W;433 km;27547 km/h
2025-10-14 14:40:09;47,4 S;120,4 W;432 km;27548 km/h
2025-10-14 14:40:54;46,1 S;116,7 W;432 km;27549 km/h
2025-10-14 14:41:40;44,8 S;113,3 W;431 km;27550 km/h
2025-10-14 14:42:25;43,3 S;110,0 W;431 km;27551 km/h
2025-10-14 14:43:10;41,7 S;106,9 W;430 km;27553 km/h
2025-10-14 14:43:55;40,0 S;103,9 W;430 km;27554 km/h
2025-10-14 14:44:40;38,3 S;101,1 W;429 km;27555 km/h
2025-10-14 14:45:25;36,5 S;98,4 W;428 km;27557 km/h
2025-10-14 14:46:10;34,6 S;95,9 W;427 km;27558 km/h
2025-10-14 14:46:55;32,6 S;93,5 W;427 km;27560 km/h
2025-10-14 14:47:40;30,6 S;91,2 W;426 km;27562 km/h
2025-10-14 14:48:25;28,6 S;89,0 W;425 km;27563 km/h
2025-10-14 14:49:10;26,5 S;86,9 W;424 km;27565 km/h
2025-10-14 14:49:55;24,4 S;84,9 W;424 km;27567 km/h
2025-10-14 14:50:41;22,2 S;82,9 W;423 km;27568 km/h
2025-10-14 14:51:26;20,0 S;81,0 W;422 km;27570 km/h
2025-10-14 14:52:11;17,8 S;79,2 W;422 km;27571 km/h
2025-10-14 14:52:56;15,6 S;77,4 W;421 km;27573 km/h
2025-10-14 14:53:41;13,3 S;75,7 W;420 km;27575 km/h
2025-10-14 14:54:26;11,1 S;74,0 W;420 km;27576 km/h
2025-10-14 14:55:11;8,8 S;72,3 W;419 km;27578 km/h
2025-10-14 14:55:56;6,5 S;70,7 W;419 km;27579 km/h
2025-10-14 14:56:41;4,2 S;69,0 W;418 km;27580 km/h
2025-10-14 14:57:26;1,9 S;67,4 W;418 km;27581 km/h
2025-10-14 14:58:11;0,3 N;65,8 W;418 km;27582 km/h
2025-10-14 14:58:57;2,6 N;64,2 W;417 km;27584 km/h
2025-10-14 14:59:42;4,8 N;62,5 W;417 km;27585 km/h
2025-10-14 15:00:27;7,1 N;60,9 W;417 km;27585 km/h
2025-10-14 15:01:12;9,4 N;59,2 W;417 km;27586 km/h
2025-10-14 15:01:57;11,7 N;57,6 W;417 km;27587 km/h
2025-10-14 15:02:42;14,0 N;55,8 W;417 km;27587 km/h
2025-10-14 15:03:27;16,2 N;54,1 W;417 km;27588 km/h
2025-10-14 15:04:12;18,4 N;52,3 W;417 km;27588 km/h
2025-10-14 15:04:57;20,6 N;50,5 W;418 km;27589 km/h
2025-10-14 15:05:42;22,8 N;48,5 W;418 km;27589 km/h
2025-10-14 15:06:27;25,0 N;46,6 W;418 km;27589 km/h
2025-10-14 15:07:13;27,1 N;44,5 W;418 km;27589 km/h
2025-10-14 15:07:58;29,2 N;42,4 W;419 km;27590 km/h
2025-10-14 15:08:43;31,2 N;40,2 W;419 km;27590 km/h
2025-10-14 15:09:28;33,2 N;37,8 W;419 km;27590 km/h
2025-10-14 15:10:13;35,1 N;35,4 W;420 km;27590 km/h
2025-10-14 15:10:58;37,0 N;32,8 W;420 km;27589 km/h
2025-10-14 15:11:43;38,8 N;30,1 W;421 km;27589 km/h
2025-10-14 15:12:28;40,5 N;27,2 W;421 km;27589 km/h
2025-10-14 15:13:13;42,2 N;24,2 W;421 km;27589 km/h
2025-10-14 15:13:58;43,7 N;21,0 W;422 km;27589 km/h
2025-10-14 15:14:43;45,2 N;17,7 W;422 km;27589 km/h
2025-10-14 15:15:29;46,5 N;14,2 W;422 km;27589 km/h
2025-10-14 15:16:14;47,7 N;10,5 W;423 km;27588 km/h
2025-10-14 15:16:59;48,8 N;6,6 W;423 km;27588 km/h
2025-10-14 15:17:44;49,7 N;2,5 W;423 km;27588 km/h
2025-10-14 15:18:29;50,5 N;1,5 E;423 km;27588 km/h
2025-10-14 15:19:14;51,0 N;5,9 E;423 km;27588 km/h
2025-10-14 15:19:59;51,5 N;10,3 E;423 km;27588 km/h
2025-10-14 15:20:44;51,7 N;14,7 E;424 km;27588 km/h
2025-10-14 15:21:29;51,7 N;19,2 E;424 km;27588 km/h
2025-10-14 15:22:14;51,6 N;23,7 E;423 km;27588 km/h
2025-10-14 15:22:59;51,3 N;28,2 E;423 km;27588 km/h
2025-10-14 15:23:45;50,7 N;32,6 E;423 km;27588 km/h
2025-10-14 15:24:30;50,1 N;36,8 E;423 km;27588 km/h
2025-10-14 15:25:15;49,2 N;40,9 E;423 km;27588 km/h
2025-10-14 15:26:00;48,2 N;44,9 E;423 km;27589 km/h
2025-10-14 15:26:45;47,1 N;48,6 E;422 km;27589 km/h
2025-10-14 15:27:30;45,8 N;52,3 E;422 km;27589 km/h
2025-10-14 15:28:15;44,4 N;55,7 E;422 km;27589 km/h
2025-10-14 15:29:00;42,9 N;58,9 E;421 km;27589 km/h
2025-10-14 15:29:45;41,3 N;62,0 E;421 km;27589 km/h
2025-10-14 15:30:30;39,6 N;65,0 E;421 km;27590 km/h
2025-10-14 15:31:15;37,8 N;67,7 E;420 km;27590 km/h
2025-10-14 15:32:01;36,0 N;70,4 E;420 km;27590 km/h
2025-10-14 15:32:46;34,1 N;72,9 E;420 km;27590 km/h
2025-10-14 15:33:31;32,1 N;75,2 E;419 km;27590 km/h
2025-10-14 15:34:16;30,1 N;77,5 E;419 km;27590 km/h
2025-10-14 15:35:01;28,0 N;79,7 E;418 km;27590 km/h
2025-10-14 15:35:46;25,9 N;81,8 E;418 km;27590 km/h
2025-10-14 15:36:31;23,8 N;83,8 E;418 km;27590 km/h
2025-10-14 15:37:16;21,6 N;85,7 E;418 km;27589 km/h
2025-10-14 15:38:01;19,4 N;87,6 E;417 km;27589 km/h
2025-10-14 15:38:46;17,2 N;89,4 E;417 km;27589 km/h
2025-10-14 15:39:31;15,0 N;91,2 E;417 km;27588 km/h
2025-10-14 15:40:17;12,7 N;92,9 E;417 km;27587 km/h
2025-10-14 15:41:02;10,4 N;94,6 E;417 km;27587 km/h
2025-10-14 15:41:47;8,2 N;96,3 E;417 km;27586 km/h
2025-10-14 15:42:32;5,9 N;97,9 E;417 km;27585 km/h
2025-10-14 15:43:17;3,6 N;99,6 E;417 km;27584 km/h
2025-10-14 15:44:02;1,3 N;101,2 E;417 km;27583 km/h
2025-10-14 15:44:47;0,9 S;102,8 E;418 km;27582 km/h
2025-10-14 15:45:32;3,2 S;104,4 E;418 km;27581 km/h
2025-10-14 15:46:17;5,5 S;106,0 E;418 km;27580 km/h
2025-10-14 15:47:02;7,8 S;107,7 E;419 km;27578 km/h
2025-10-14 15:47:47;10,1 S;109,4 E;419 km;27577 km/h
2025-10-14 15:48:33;12,3 S;111,0 E;420 km;27576 km/h
2025-10-14 15:49:18;14,6 S;112,8 E;421 km;27574 km/h
2025-10-14 15:50:03;16,8 S;114,5 E;421 km;27573 km/h
2025-10-14 15:50:48;19,1 S;116,3 E;422 km;27571 km/h
2025-10-14 15:51:33;21,3 S;118,2 E;422 km;27569 km/h
2025-10-14 15:52:18;23,4 S;120,1 E;423 km;27568 km/h
2025-10-14 15:53:03;25,6 S;122,1 E;424 km;27566 km/h
2025-10-14 15:53:48;27,7 S;124,2 E;425 km;27564 km/h
2025-10-14 15:54:33;29,7 S;126,3 E;425 km;27563 km/h
2025-10-14 15:55:18;31,8 S;128,6 E;426 km;27561 km/h
2025-10-14 15:56:03;33,7 S;130,9 E;427 km;27559 km/h
2025-10-14 15:56:49;35,6 S;133,4 E;428 km;27558 km/h
2025-10-14 15:57:34;37,5 S;136,0 E;428 km;27556 km/h
2025-10-14 15:58:19;39,3 S;138,8 E;429 km;27555 km/h
2025-10-14 15:59:04;41,0 S;141,6 E;430 km;27553 km/h
2025-10-14 15:59:49;42,6 S;144,7 E;431 km;27552 km/h
2025-10-14 16:00:34;44,1 S;147,9 E;431 km;27551 km/h
2025-10-14 16:01:19;45,5 S;151,3 E;432 km;27550 km/h
2025-10-14 16:02:04;46,8 S;154,9 E;432 km;27549 km/h
2025-10-14 16:02:49;48,0 S;158,6 E;433 km;27548 km/h
2025-10-14 16:03:34;49,0 S;162,5 E;433 km;27547 km/h
2025-10-14 16:04:20;49,9 S;166,6 E;433 km;27546 km/h
2025-10-14 16:05:05;50,6 S;170,8 E;434 km;27546 km/h
2025-10-14 16:05:50;51,2 S;175,1 E;434 km;27545 km/h
2025-10-14 16:06:35;51,5 S;179,5 E;434 km;27545 km/h
2025-10-14 16:07:20;51,7 S;175,9 W;434 km;27545 km/h
2025-10-14 16:08:05;51,7 S;171,4 W;434 km;27545 km/h
2025-10-14 16:08:50;51,5 S;166,9 W;434 km;27545 km/h
2025-10-14 16:09:35;51,2 S;162,5 W;434 km;27545 km/h
2025-10-14 16:10:20;50,6 S;158,2 W;434 km;27546 km/h
2025-10-14 16:11:05;49,9 S;154,0 W;433 km;27546 km/h
2025-10-14 16:11:50;49,0 S;149,9 W;433 km;27547 km/h
2025-10-14 16:12:36;48,0 S;146,0 W;433 km;27548 km/h
2025-10-14 16:13:21;46,8 S;142,3 W;432 km;27548 km/h
2025-10-14 16:14:06;45,5 S;138,7 W;432 km;27549 km/h
2025-10-14 16:14:51;44,1 S;135,3 W;431 km;27551 km/h
2025-10-14 16:15:36;42,6 S;132,1 W;431 km;27552 km/h
2025-10-14 16:16:21;41,0 S;129,1 W;430 km;27553 km/h
2025-10-14 16:17:06;39,2 S;126,2 W;429 km;27555 km/h
2025-10-14 16:17:51;37,5 S;123,5 W;429 km;27556 km/h
2025-10-14 16:18:36;35,6 S;120,9 W;428 km;27558 km/h
2025-10-14 16:19:21;33,7 S;118,4 W;427 km;27559 km/h
2025-10-14 16:20:06;31,7 S;116,0 W;426 km;27561 km/h
2025-10-14 16:20:52;29,7 S;113,8 W;426 km;27562 km/h
2025-10-14 16:21:37;27,6 S;111,6 W;425 km;27564 km/h
2025-10-14 16:22:22;25,5 S;109,6 W;424 km;27566 km/h
2025-10-14 16:23:07;23,4 S;107,6 W;423 km;27567 km/h
2025-10-14 16:23:52;21,2 S;105,7 W;423 km;27569 km/h
2025-10-14 16:24:37;19,0 S;103,8 W;422 km;27571 km/h
2025-10-14 16:25:22;16,8 S;102,0 W;421 km;27572 km/h
2025-10-14 16:26:07;14,6 S;100,2 W;421 km;27574 km/h
2025-10-14 16:26:52;12,3 S;98,5 W;420 km;27575 km/h
2025-10-14 16:27:37;10,1 S;96,8 W;419 km;27577 km/h
2025-10-14 16:28:22;7,8 S;95,2 W;419 km;27578 km/h
2025-10-14 16:29:08;5,5 S;93,5 W;419 km;27579 km/h
2025-10-14 16:29:53;3,2 S;91,9 W;418 km;27581 km/h
2025-10-14 16:30:38;0,9 S;90,3 W;418 km;27582 km/h
2025-10-14 16:31:23;1,3 N;88,6 W;418 km;27583 km/h
2025-10-14 16:32:08;3,6 N;87,0 W;417 km;27584 km/h
2025-10-14 16:32:53;5,9 N;85,4 W;417 km;27585 km/h
2025-10-14 16:33:38;8,2 N;83,7 W;417 km;27586 km/h
2025-10-14 16:34:23;10,5 N;82,1 W;417 km;27587 km/h
2025-10-14 16:35:08;12,7 N;80,4 W;417 km;27587 km/h
2025-10-14 16:35:53;15,0 N;78,6 W;417 km;27588 km/h
2025-10-14 16:36:38;17,2 N;76,9 W;417 km;27588 km/h
2025-10-14 16:37:23;19,4 N;75,1 W;417 km;27589 km/h
2025-10-14 16:38:09;21,6 N;73,2 W;418 km;27589 km/h
2025-10-14 16:38:54;23,8 N;71,3 W;418 km;27589 km/h
2025-10-14 16:39:39;25,9 N;69,3 W;418 km;27589 km/h
2025-10-14 16:40:24;28,0 N;67,2 W;419 km;27590 km/h
2025-10-14 16:41:09;30,1 N;65,0 W;419 km;27590 km/h
2025-10-14 16:41:54;32,1 N;62,7 W;419 km;27590 km/h
2025-10-14 16:42:39;34,1 N;60,3 W;420 km;27590 km/h
2025-10-14 16:43:24;36,0 N;57,8 W;420 km;27590 km/h
2025-10-14 16:44:09;37,8 N;55,2 W;420 km;27589 km/h
2025-10-14 16:44:54;39,6 N;52,4 W;421 km;27589 km/h
2025-10-14 16:45:39;41,3 N;49,5 W;421 km;27589 km/h
2025-10-14 16:46:25;42,9 N;46,4 W;421 km;27589 km/h
2025-10-14 16:47:10;44,4 N;43,2 W;422 km;27589 km/h
2025-10-14 16:47:55;45,8 N;39,7 W;422 km;27589 km/h
2025-10-14 16:48:40;47,1 N;36,1 W;422 km;27589 km/h
2025-10-14 16:49:25;48,2 N;32,3 W;423 km;27588 km/h
2025-10-14 16:50:10;49,2 N;28,4 W;423 km;27588 km/h
2025-10-14 16:50:55;50,1 N;24,3 W;423 km;27588 km/h
2025-10-14 16:51:40;50,8 N;20,0 W;423 km;27588 km/h
2025-10-14 16:52:25;51,3 N;15,6 W;423 km;27588 km/h
2025-10-14 16:53:10;51,6 N;11,2 W;423 km;27588 km/h
2025-10-14 16:53:55;51,7 N;6,7 W;424 km;27588 km/h
2025-10-14 16:54:41;51,7 N;2,2 W;424 km;27588 km/h
2025-10-14 16:55:26;51,5 N;2,2 E;423 km;27588 km/h
2025-10-14 16:56:11;51,0 N;6,6 E;423 km;27588 km/h
2025-10-14 16:56:56;50,5 N;10,9 E;423 km;27588 km/h
2025-10-14 16:57:41;49,7 N;15,1 E;423 km;27588 km/h
2025-10-14 16:58:26;48,8 N;19,1 E;423 km;27588 km/h
2025-10-14 16:59:11;47,7 N;23,0 E;423 km;27589 km/h
2025-10-14 16:59:56;46,5 N;26,7 E;422 km;27589 km/h
2025-10-14 17:00:41;45,2 N;30,2 E;422 km;27589 km/h
2025-10-14 17:01:26;43,7 N;33,6 E;422 km;27589 km/h
2025-10-14 17:02:11;42,2 N;36,8 E;421 km;27589 km/h
2025-10-14 17:02:57;40,5 N;39,8 E;421 km;27589 km/h
2025-10-14 17:03:42;38,8 N;42,6 E;421 km;27590 km/h
2025-10-14 17:04:27;37,0 N;45,4 E;420 km;27590 km/h
2025-10-14 17:05:12;35,1 N;47,9 E;420 km;27590 km/h
2025-10-14 17:05:57;33,2 N;50,4 E;419 km;27590 km/h
2025-10-14 17:06:42;31,2 N;52,7 E;419 km;27590 km/h
2025-10-14 17:07:27;29,1 N;54,9 E;419 km;27590 km/h
2025-10-14 17:08:12;27,1 N;57,1 E;418 km;27590 km/h
2025-10-14 17:08:57;24,9 N;59,1 E;418 km;27590 km/h
2025-10-14 17:09:42;22,8 N;61,1 E;418 km;27589 km/h
2025-10-14 17:10:27;20,6 N;63,0 E;418 km;27589 km/h
2025-10-14 17:11:13;18,4 N;64,8 E;417 km;27589 km/h
2025-10-14 17:11:58;16,2 N;66,6 E;417 km;27588 km/h
2025-10-14 17:12:43;13,9 N;68,4 E;417 km;27588 km/h
2025-10-14 17:13:28;11,7 N;70,1 E;417 km;27587 km/h
2025-10-14 17:14:13;9,4 N;71,8 E;417 km;27587 km/h
2025-10-14 17:14:58;7,1 N;73,4 E;417 km;27586 km/h
2025-10-14 17:15:43;4,8 N;75,1 E;417 km;27585 km/h
2025-10-14 17:16:28;2,5 N;76,7 E;417 km;27584 km/h
2025-10-14 17:17:13;0,2 N;78,3 E;418 km;27583 km/h
2025-10-14 17:17:58;2,0 S;79,9 E;418 km;27582 km/h
2025-10-14 17:18:43;4,3 S;81,6 E;418 km;27581 km/h
2025-10-14 17:19:29;6,6 S;83,2 E;419 km;27579 km/h
2025-10-14 17:20:14;8,8 S;84,9 E;419 km;27578 km/h
2025-10-14 17:20:59;11,1 S;86,5 E;420 km;27576 km/h
2025-10-14 17:21:44;13,4 S;88,2 E;420 km;27575 km/h
2025-10-14 17:22:29;15,6 S;90,0 E;421 km;27573 km/h
2025-10-14 17:23:14;17,9 S;91,7 E;421 km;27572 km/h
2025-10-14 17:23:59;20,1 S;93,6 E;422 km;27570 km/h
2025-10-14 17:24:44;22,2 S;95,5 E;423 km;27569 km/h
2025-10-14 17:25:29;24,4 S;97,4 E;424 km;27567 km/h
2025-10-14 17:26:14;26,5 S;99,4 E;424 km;27565 km/h
2025-10-14 17:27:00;28,6 S;101,5 E;425 km;27564 km/h
2025-10-14 17:27:45;30,7 S;103,7 E;426 km;27562 km/h
2025-10-14 17:28:30;32,7 S;106,0 E;427 km;27560 km/h
2025-10-14 17:29:15;34,6 S;108,5 E;427 km;27559 km/h
2025-10-14 17:30:00;36,5 S;111,0 E;428 km;27557 km/h
2025-10-14 17:30:45;38,3 S;113,7 E;429 km;27556 km/h
2025-10-14 17:31:30;40,1 S;116,5 E;430 km;27554 km/h
2025-10-14 17:32:15;41,7 S;119,4 E;430 km;27553 km/h
2025-10-14 17:33:00;43,3 S;122,5 E;431 km;27551 km/h
2025-10-14 17:33:45;44,8 S;125,8 E;431 km;27550 km/h
2025-10-14 17:34:30;46,1 S;129,3 E;432 km;27549 km/h
2025-10-14 17:35:16;47,4 S;132,9 E;432 km;27548 km/h
2025-10-14 17:36:01;48,5 S;136,8 E;433 km;27547 km/h
2025-10-14 17:36:46;49,4 S;140,7 E;433 km;27547 km/h
2025-10-14 17:37:31;50,3 S;144,9 E;434 km;27546 km/h
2025-10-14 17:38:16;50,9 S;149,1 E;434 km;27545 km/h
2025-10-14 17:39:01;51,4 S;153,5 E;434 km;27545 km/h
2025-10-14 17:39:46;51,6 S;158,0 E;434 km;27545 km/h
2025-10-14 17:40:31;51,7 S;162,5 E;434 km;27545 km/h
2025-10-14 17:41:16;51,7 S;166,9 E;434 km;27545 km/h
2025-10-14 17:42:01;51,4 S;171,4 E;434 km;27545 km/h
2025-10-14 17:42:46;50,9 S;175,8 E;434 km;27545 km/h
2025-10-14 17:43:32;50,3 S;179,8 W;434 km;27546 km/h
2025-10-14 17:44:17;49,5 S;175,7 W;433 km;27546 km/h
2025-10-14 17:45:02;48,6 S;171,7 W;433 km;27547 km/h
2025-10-14 17:45:47;47,5 S;167,9 W;433 km;27548 km/h
2025-10-14 17:46:32;46,2 S;164,2 W;432 km;27549 km/h
2025-10-14 17:47:17;44,9 S;160,8 W;431 km;27550 km/h
2025-10-14 17:48:02;43,4 S;157,4 W;431 km;27551 km/h
2025-10-14 17:48:47;41,8 S;154,3 W;430 km;27552 km/h
2025-10-14 17:49:32;40,2 S;151,3 W;430 km;27554 km/h
2025-10-14 17:50:17;38,4 S;148,5 W;429 km;27555 km/h
2025-10-14 17:51:02;36,6 S;145,8 W;428 km;27557 km/h
2025-10-14 17:51:48;34,7 S;143,3 W;427 km;27558 km/h
2025-10-14 17:52:33;32,8 S;140,9 W;427 km;27560 km/h
2025-10-14 17:53:18;30,8 S;138,6 W;426 km;27561 km/h
2025-10-14 17:54:03;28,8 S;136,4 W;425 km;27563 km/h
2025-10-14 17:54:48;26,7 S;134,3 W;424 km;27565 km/h
2025-10-14 17:55:33;24,6 S;132,2 W;424 km;27566 km/h
2025-10-14 17:56:18;22,4 S;130,3 W;423 km;27568 km/h
2025-10-14 17:57:03;20,2 S;128,4 W;422 km;27570 km/h
2025-10-14 17:57:48;18,0 S;126,6 W;422 km;27571 km/h
2025-10-14 17:58:33;15,8 S;124,8 W;421 km;27573 km/h
2025-10-14 17:59:19;13,5 S;123,0 W;420 km;27575 km/h
2025-10-14 18:00:04;11,3 S;121,3 W;420 km;27576 km/h
2025-10-14 18:00:49;9,0 S;119,7 W;419 km;27577 km/h
2025-10-14 18:01:34;6,7 S;118,0 W;419 km;27579 km/h
2025-10-14 18:02:19;4,4 S;116,4 W;418 km;27580 km/h
2025-10-14 18:03:04;2,1 S;114,7 W;418 km;27581 km/h
2025-10-14 18:03:49;0,1 N;113,1 W;418 km;27582 km/h
2025-10-14 18:04:34;2,4 N;111,5 W;417 km;27583 km/h
2025-10-14 18:05:19;4,7 N;109,9 W;417 km;27584 km/h
2025-10-14 18:06:04;6,9 N;108,2 W;417 km;27585 km/h
2025-10-14 18:06:49;9,2 N;106,6 W;417 km;27586 km/h
2025-10-14 18:07:35;11,5 N;104,9 W;417 km;27587 km/h
2025-10-14 18:08:20;13,8 N;103,2 W;417 km;27587 km/h
2025-10-14 18:09:05;16,0 N;101,4 W;417 km;27588 km/h
2025-10-14 18:09:50;18,2 N;99,6 W;417 km;27588 km/h
2025-10-14 18:10:35;20,4 N;97,8 W;418 km;27589 km/h
2025-10-14 18:11:20;22,6 N;95,9 W;418 km;27589 km/h
2025-10-14 18:12:05;24,8 N;93,9 W;418 km;27589 km/h
2025-10-14 18:12:50;26,9 N;91,9 W;418 km;27590 km/h
2025-10-14 18:13:35;29,0 N;89,8 W;419 km;27590 km/h
2025-10-14 18:14:20;31,0 N;87,5 W;419 km;27590 km/h
2025-10-14 18:15:05;33,0 N;85,2 W;419 km;27590 km/h
2025-10-14 18:15:51;35,0 N;82,8 W;420 km;27590 km/h
2025-10-14 18:16:36;36,8 N;80,2 W;420 km;27590 km/h
2025-10-14 18:17:21;38,7 N;77,5 W;421 km;27589 km/h
2025-10-14 18:18:06;40,4 N;74,7 W;421 km;27589 km/h
2025-10-14 18:18:51;42,0 N;71,7 W;421 km;27589 km/h
2025-10-14 18:19:36;43,6 N;68,5 W;422 km;27589 km/h
2025-10-14 18:20:21;45,1 N;65,2 W;422 km;27589 km/h
2025-10-14 18:21:06;46,4 N;61,7 W;422 km;27589 km/h
2025-10-14 18:21:51;47,6 N;58,0 W;423 km;27589 km/h
2025-10-14 18:22:36;48,7 N;54,1 W;423 km;27588 km/h
2025-10-14 18:23:21;49,6 N;50,1 W;423 km;27588 km/h
2025-10-14 18:24:07;50,4 N;45,9 W;423 km;27588 km/h
2025-10-14 18:24:52;51,0 N;41,6 W;423 km;27588 km/h
2025-10-14 18:25:37;51,4 N;37,2 W;423 km;27588 km/h
2025-10-14 18:26:22;51,7 N;32,7 W;424 km;27588 km/h
2025-10-14 18:27:07;51,7 N;28,2 W;424 km;27588 km/h
2025-10-14 18:27:52;51,6 N;23,7 W;423 km;27588 km/h
2025-10-14 18:28:37;51,3 N;19,3 W;423 km;27588 km/h
2025-10-14 18:29:22;50,8 N;14,9 W;423 km;27588 km/h
2025-10-14 18:30:07;50,1 N;10,6 W;423 km;27588 km/h
2025-10-14 18:30:52;49,3 N;6,5 W;423 km;27588 km/h
2025-10-14 18:31:37;48,3 N;2,6 W;423 km;27589 km/h
2025-10-14 18:32:23;47,2 N;1,1 E;422 km;27589 km/h
2025-10-14 18:33:08;45,9 N;4,8 E;422 km;27589 km/h
2025-10-14 18:33:53;44,5 N;8,2 E;422 km;27589 km/h
2025-10-14 18:34:38;43,0 N;11,5 E;421 km;27589 km/h
2025-10-14 18:35:23;41,4 N;14,6 E;421 km;27589 km/h
2025-10-14 18:36:08;39,7 N;17,5 E;421 km;27590 km/h
2025-10-14 18:36:53;38,0 N;20,3 E;420 km;27590 km/h
2025-10-14 18:37:38;36,1 N;22,9 E;420 km;27590 km/h
2025-10-14 18:38:23;34,2 N;25,5 E;420 km;27590 km/h
2025-10-14 18:39:08;32,3 N;27,9 E;419 km;27590 km/h
2025-10-14 18:39:53;30,3 N;30,1 E;419 km;27590 km/h
2025-10-14 18:40:38;28,2 N;32,3 E;418 km;27590 km/h
2025-10-14 18:41:24;26,1 N;34,4 E;418 km;27590 km/h
2025-10-14 18:42:09;24,0 N;36,4 E;418 km;27590 km/h
2025-10-14 18:42:54;21,8 N;38,4 E;418 km;27589 km/h
2025-10-14 18:43:39;19,6 N;40,2 E;417 km;27589 km/h
2025-10-14 18:44:24;17,4 N;42,1 E;417 km;27589 km/h
2025-10-14 18:45:09;15,2 N;43,8 E;417 km;27588 km/h
2025-10-14 18:45:54;12,9 N;45,6 E;417 km;27588 km/h
2025-10-14 18:46:39;10,6 N;47,3 E;417 km;27587 km/h
2025-10-14 18:47:24;8,4 N;48,9 E;417 km;27586 km/h
2025-10-14 18:48:09;6,1 N;50,6 E;417 km;27585 km/h
2025-10-14 18:48:54;3,8 N;52,2 E;417 km;27584 km/h
2025-10-14 18:49:40;1,5 N;53,8 E;417 km;27583 km/h
2025-10-14 18:50:25;0,7 S;55,5 E;418 km;27582 km/h
2025-10-14 18:51:10;3,0 S;57,1 E;418 km;27581 km/h
2025-10-14 18:51:55;5,3 S;58,7 E;418 km;27580 km/h
2025-10-14 18:52:40;7,6 S;60,4 E;419 km;27578 km/h
2025-10-14 18:53:25;9,9 S;62,0 E;419 km;27577 km/h
2025-10-14 18:54:10;12,1 S;63,7 E;420 km;27576 km/h
2025-10-14 18:54:55;14,4 S;65,4 E;420 km;27574 km/h
